dataset_version,family,parameter,arch_seed,arch_id,gates_json,energy,exact,gap,label_steps,label_restarts,depth,n_single,n_double,n_parameters,high_energy,high_gap,high_steps,high_restarts
2026-09-v3-pauli-factor-graph,Hubbard,4.0,37,18,"[[""D"",[0,3,1,2]],[""S"",[0,1]],[""S"",[1,2]],[""S"",[0,3]],[""S"",[2,3]],[""S"",[0,2]],[""S"",[0,1]]]",-0.8284254696998763,-0.8284271247461902,1.6550463138864655e-06,60,2,7,6,1,7,-0.8284271164803989,8.265791273665002e-09,160,5
2026-09-v3-pauli-factor-graph,Hubbard,0.0,51,11,"[[""S"",[3,2]],[""S"",[0,1]],[""D"",[0,2,1,3]],[""D"",[0,1,2,3]],[""S"",[1,2]],[""S"",[0,3]],[""S"",[0,2]],[""S"",[0,2]]]",-1.999989266434198,-2.0,1.0733565801945844e-05,60,2,8,6,2,8,-1.9999998769085443,1.2309145569489033e-07,160,5
2026-09-v3-pauli-factor-graph,Hubbard,0.0,23,6,"[[""D"",[0,3,1,2]],[""S"",[0,1]],[""S"",[2,3]]]",-1.999987964402049,-2.0,1.2035597950932342e-05,60,2,3,2,1,3,-1.9999999653473515,3.465264852842154e-08,160,5
2026-09-v3-pauli-factor-graph,Hubbard,0.0,23,3,"[[""D"",[0,3,1,2]],[""S"",[2,3]],[""S"",[0,3]],[""S"",[1,2]],[""S"",[0,1]],[""S"",[0,2]],[""S"",[1,2]]]",-1.999966782602393,-2.0,3.321739760697717e-05,60,2,7,6,1,7,-1.9999999952615664,4.7384336454570075e-09,160,5
2026-09-v3-pauli-factor-graph,Hubbard,0.0,79,12,"[[""D"",[0,3,1,2]],[""S"",[1,2]],[""D"",[0,1,2,3]],[""S"",[2,3]],[""S"",[1,2]],[""S"",[0,1]],[""S"",[1,3]],[""S"",[0,2]]]",-1.9999611213406456,-2.0,3.8878659354146805e-05,60,2,8,6,2,8,-1.999999886828356,1.1317164405610924e-07,160,5
2026-09-v3-pauli-factor-graph,Hubbard,0.0,79,16,"[[""S"",[0,1]],[""S"",[1,2]],[""D"",[0,1,2,3]],[""S"",[2,3]],[""S"",[1,3]],[""S"",[1,2]],[""S"",[1,3]]]",-1.999953391925385,-2.0,4.6608074614873374e-05,60,2,7,6,1,7,-1.9999999869221718,1.3077828153740256e-08,160,5
2026-09-v3-pauli-factor-graph,Hubbard,8.0,11,15,"[[""D"",[0,3,1,2]],[""S"",[1,2]],[""D"",[0,1,2,3]],[""S"",[2,3]],[""D"",[0,1,2,3]],[""S"",[0,1]],[""S"",[1,2]],[""S"",[0,1]]]",-0.4720888315579727,-0.4721359549995794,4.712344160662241e-05,60,2,8,5,3,8,-0.4721359444854254,1.0514153991891817e-08,160,5
2026-09-v3-pauli-factor-graph,Hubbard,0.0,11,1,"[[""S"",[3,2]],[""S"",[2,3]],[""S"",[0,1]],[""S"",[1,2]],[""S"",[0,2]],[""S"",[1,2]]]",-1.9999399009926453,-2.0,6.009900735470808e-05,60,2,6,6,0,6,-1.9999999469990886,5.300091143745078e-08,160,5
2026-09-v3-pauli-factor-graph,Hubbard,8.0,79,16,"[[""S"",[0,1]],[""S"",[1,2]],[""D"",[0,1,2,3]],[""S"",[2,3]],[""S"",[1,3]],[""S"",[1,2]],[""S"",[1,3]]]",-0.4720668383987036,-0.4721359549995794,6.911660087571825e-05,60,2,7,6,1,7,-0.47213540261232145,5.523872579349387e-07,160,5
2026-09-v3-pauli-factor-graph,Hubbard,0.0,51,18,"[[""D"",[0,3,1,2]],[""S"",[1,2]],[""S"",[0,1]],[""S"",[0,3]],[""S"",[0,3]],[""D"",[0,1,2,3]],[""D"",[0,1,2,3]],[""S"",[2,3]]]",-1.9999250036525629,-2.0,7.499634743712846e-05,60,2,8,5,3,8,-1.999999962874602,3.7125398089088435e-08,160,5
2026-09-v3-pauli-factor-graph,Hubbard,0.0,37,4,"[[""S"",[0,1]],[""D"",[0,1,2,3]],[""S"",[2,3]]]",-1.9998758674153636,-2.0,0.0001241325846366,60,2,3,2,1,3,-1.999999927342833,7.265716694959679e-08,160,5
2026-09-v3-pauli-factor-graph,Hubbard,4.0,11,15,"[[""D"",[0,3,1,2]],[""S"",[1,2]],[""D"",[0,1,2,3]],[""S"",[2,3]],[""D"",[0,1,2,3]],[""S"",[0,1]],[""S"",[1,2]],[""S"",[0,1]]]",-0.8282935501959012,-0.8284271247461902,0.0001335745502889,60,2,8,5,3,8,-0.8284271210889611,3.657229075137991e-09,160,5
2026-09-v3-pauli-factor-graph,Hubbard,0.0,37,18,"[[""D"",[0,3,1,2]],[""S"",[0,1]],[""S"",[1,2]],[""S"",[0,3]],[""S"",[2,3]],[""S"",[0,2]],[""S"",[0,1]]]",-1.9998479340936344,-2.0,0.0001520659063654,60,2,7,6,1,7,-1.9999999739653733,2.603462667671863e-08,160,5
2026-09-v3-pauli-factor-graph,Hubbard,0.0,11,17,"[[""S"",[3,2]],[""S"",[0,3]],[""S"",[0,3]],[""S"",[0,1]]]",-1.9998403808643728,-2.0,0.0001596191356267,60,2,4,4,0,4,-1.9999999712429695,2.8757030534620753e-08,160,5
2026-09-v3-pauli-factor-graph,Hubbard,4.0,23,3,"[[""D"",[0,3,1,2]],[""S"",[2,3]],[""S"",[0,3]],[""S"",[1,2]],[""S"",[0,1]],[""S"",[0,2]],[""S"",[1,2]]]",-0.828244566231529,-0.8284271247461902,0.0001825585146612,60,2,7,6,1,7,-0.8284271133110532,1.1435136948456659e-08,160,5
2026-09-v3-pauli-factor-graph,Hubbard,0.0,23,11,"[[""S"",[3,2]],[""S"",[0,1]],[""D"",[0,1,2,3]]]",-1.9998014286708556,-2.0,0.0001985713291445,60,2,3,2,1,3,-1.9999999325846427,6.741535729659631e-08,160,5
2026-09-v3-pauli-factor-graph,Hubbard,0.0,51,23,"[[""S"",[3,2]],[""S"",[0,2]],[""S"",[0,1]],[""S"",[0,2]],[""S"",[0,2]],[""S"",[0,2]],[""S"",[1,3]]]",-1.9997926140747435,-2.0,0.0002073859252564,60,2,7,7,0,7,-1.9999999154570096,8.454299038618274e-08,160,5
2026-09-v3-pauli-factor-graph,Hubbard,0.0,23,22,"[[""S"",[0,1]],[""S"",[2,3]],[""D"",[0,1,2,3]]]",-1.9997896070175027,-2.0,0.0002103929824972,60,2,3,2,1,3,-1.9999999960512143,3.9487857428355255e-09,160,5
2026-09-v3-pauli-factor-graph,Hubbard,8.0,37,18,"[[""D"",[0,3,1,2]],[""S"",[0,1]],[""S"",[1,2]],[""S"",[0,3]],[""S"",[2,3]],[""S"",[0,2]],[""S"",[0,1]]]",-0.4719196142616146,-0.4721359549995794,0.0002163407379647,60,2,7,6,1,7,-0.47213594212596477,1.2873614618769125e-08,160,5
2026-09-v3-pauli-factor-graph,Hubbard,0.0,23,19,"[[""S"",[3,2]],[""S"",[0,3]],[""S"",[0,1]],[""S"",[0,2]],[""S"",[0,1]],[""S"",[1,2]]]",-1.9997524970854,-2.0,0.0002475029146,60,2,6,6,0,6,-1.9999837206073623,1.6279392637708057e-05,160,5
2026-09-v3-pauli-factor-graph,Hubbard,4.0,51,18,"[[""D"",[0,3,1,2]],[""S"",[1,2]],[""S"",[0,1]],[""S"",[0,3]],[""S"",[0,3]],[""D"",[0,1,2,3]],[""D"",[0,1,2,3]],[""S"",[2,3]]]",-0.8281623891782991,-0.8284271247461902,0.000264735567891,60,2,8,5,3,8,-0.8284271233233003,1.4228899170021236e-09,160,5
2026-09-v3-pauli-factor-graph,Hubbard,0.0,51,10,"[[""S"",[0,1]],[""S"",[1,3]],[""S"",[0,2]],[""S"",[2,3]],[""S"",[2,3]]]",-1.999706518101015,-2.0,0.000293481898985,60,2,5,5,0,5,-1.9999999386571035,6.134289654013969e-08,160,5
2026-09-v3-pauli-factor-graph,Hubbard,4.0,79,12,"[[""D"",[0,3,1,2]],[""S"",[1,2]],[""D"",[0,1,2,3]],[""S"",[2,3]],[""S"",[1,2]],[""S"",[0,1]],[""S"",[1,3]],[""S"",[0,2]]]",-0.8281296987408846,-0.8284271247461902,0.0002974260053055,60,2,8,6,2,8,-0.8284271240840553,6.621349024626966e-10,160,5
2026-09-v3-pauli-factor-graph,Hubbard,0.0,51,2,"[[""S"",[0,1]],[""D"",[0,1,2,3]],[""S"",[1,2]],[""S"",[2,3]]]",-1.9996644961141028,-2.0,0.0003355038858972,60,2,4,3,1,4,-1.999999950662038,4.933796193817841e-08,160,5
2026-09-v3-pauli-factor-graph,Hubbard,8.0,23,21,"[[""D"",[0,3,1,2]],[""D"",[0,2,1,3]],[""S"",[1,3]],[""S"",[0,3]],[""S"",[0,1]],[""S"",[1,2]]]",-0.4717862412458971,-0.4721359549995794,0.0003497137536823,60,2,6,4,2,6,-0.4721359534892309,1.5103485129230876e-09,160,5
2026-09-v3-pauli-factor-graph,Hubbard,8.0,11,6,"[[""D"",[0,3,1,2]],[""S"",[0,2]],[""S"",[0,3]],[""S"",[1,3]],[""D"",[0,1,2,3]],[""S"",[1,2]],[""D"",[0,2,1,3]],[""S"",[0,3]]]",-0.4717858462791431,-0.4721359549995794,0.0003501087204362,60,2,8,5,3,8,-0.4721359476968974,7.302682014653783e-09,160,5
2026-09-v3-pauli-factor-graph,Hubbard,8.0,11,9,"[[""D"",[0,3,1,2]],[""S"",[0,1]],[""D"",[0,2,1,3]],[""D"",[0,2,1,3]]]",-0.4717847379647459,-0.4721359549995794,0.0003512170348334,60,2,4,1,3,4,-0.47213594774036016,7.259219225730362e-09,160,5
2026-09-v3-pauli-factor-graph,Hubbard,0.0,79,1,"[[""S"",[3,2]],[""S"",[0,3]],[""S"",[2,3]],[""S"",[0,1]],[""S"",[1,3]]]",-1.999624614763692,-2.0,0.0003753852363082,60,2,5,5,0,5,-1.999999993374778,6.625221926626068e-09,160,5
2026-09-v3-pauli-factor-graph,Hubbard,4.0,23,12,"[[""D"",[0,3,1,2]],[""S"",[0,2]],[""S"",[0,2]],[""S"",[1,3]],[""S"",[0,2]],[""S"",[1,3]],[""S"",[1,2]],[""D"",[0,1,2,3]]]",-0.8280425182135396,-0.8284271247461902,0.0003846065326505,60,2,8,6,2,8,-0.8284270992436196,2.550257061084693e-08,160,5
2026-09-v3-pauli-factor-graph,Hubbard,8.0,79,12,"[[""D"",[0,3,1,2]],[""S"",[1,2]],[""D"",[0,1,2,3]],[""S"",[2,3]],[""S"",[1,2]],[""S"",[0,1]],[""S"",[1,3]],[""S"",[0,2]]]",-0.4717387001486994,-0.4721359549995794,0.0003972548508799,60,2,8,6,2,8,-0.47213593921525376,1.578432562432397e-08,160,5
2026-09-v3-pauli-factor-graph,Hubbard,0.0,11,8,"[[""S"",[0,1]],[""S"",[1,2]],[""S"",[2,3]]]",-1.9995944823081455,-2.0,0.0004055176918542,60,2,3,3,0,3,-1.999999890964221,1.0903577907228623e-07,160,5
2026-09-v3-pauli-factor-graph,Hubbard,8.0,51,11,"[[""S"",[3,2]],[""S"",[0,1]],[""D"",[0,2,1,3]],[""D"",[0,1,2,3]],[""S"",[1,2]],[""S"",[0,3]],[""S"",[0,2]],[""S"",[0,2]]]",-0.4717192859759129,-0.4721359549995794,0.0004166690236664,60,2,8,6,2,8,-0.4721356392877598,3.157118195762365e-07,160,5
2026-09-v3-pauli-factor-graph,Hubbard,8.0,23,18,"[[""D"",[0,3,1,2]],[""S"",[2,3]],[""S"",[0,2]],[""D"",[0,2,1,3]]]",-0.4716935400404358,-0.4721359549995794,0.0004424149591435,60,2,4,2,2,4,-0.4721359472118516,7.787727795971477e-09,160,5
2026-09-v3-pauli-factor-graph,Hubbard,8.0,11,3,"[[""D"",[0,3,1,2]],[""S"",[0,2]],[""S"",[1,3]],[""S"",[1,2]],[""S"",[2,3]],[""D"",[0,2,1,3]],[""S"",[0,3]],[""D"",[0,1,2,3]]]",-0.4716893024740922,-0.4721359549995794,0.0004466525254871,60,2,8,5,3,8,-0.4721354408085956,5.141909837913516e-07,160,5
2026-09-v3-pauli-factor-graph,Hubbard,8.0,11,21,"[[""D"",[0,3,1,2]],[""S"",[0,2]],[""S"",[2,3]],[""S"",[0,1]],[""S"",[2,3]],[""S"",[0,1]],[""S"",[0,3]]]",-0.4716477469141269,-0.4721359549995794,0.0004882080854524,60,2,7,6,1,7,-0.4720957319264494,4.022307313000795e-05,160,5
2026-09-v3-pauli-factor-graph,Hubbard,0.0,79,4,"[[""S"",[0,1]],[""S"",[0,3]],[""S"",[1,2]],[""D"",[0,2,1,3]],[""D"",[0,2,1,3]],[""D"",[0,1,2,3]],[""S"",[0,1]],[""S"",[0,1]]]",-1.99946294210327,-2.0,0.00053705789673,60,2,8,5,3,8,-1.999999956194313,4.380568707773591e-08,160,5
2026-09-v3-pauli-factor-graph,Hubbard,4.0,11,3,"[[""D"",[0,3,1,2]],[""S"",[0,2]],[""S"",[1,3]],[""S"",[1,2]],[""S"",[2,3]],[""D"",[0,2,1,3]],[""S"",[0,3]],[""D"",[0,1,2,3]]]",-0.8278699964460928,-0.8284271247461902,0.0005571283000973,60,2,8,5,3,8,-0.82841494397548,1.2180770710190636e-05,160,5
2026-09-v3-pauli-factor-graph,Hubbard,0.0,37,10,"[[""S"",[0,1]],[""S"",[0,2]],[""S"",[0,1]],[""S"",[2,3]]]",-1.999433554402792,-2.0,0.0005664455972078,60,2,4,4,0,4,-1.9999999467293528,5.327064722671082e-08,160,5
2026-09-v3-pauli-factor-graph,Hubbard,4.0,23,6,"[[""D"",[0,3,1,2]],[""S"",[0,1]],[""S"",[2,3]]]",-0.8278462565795932,-0.8284271247461902,0.0005808681665969,60,2,3,2,1,3,-0.8284271192616323,5.484557918933319e-09,160,5
2026-09-v3-pauli-factor-graph,Hubbard,8.0,79,3,"[[""D"",[0,3,1,2]],[""D"",[0,2,1,3]],[""D"",[0,2,1,3]],[""D"",[0,2,1,3]],[""S"",[0,1]],[""S"",[0,1]],[""D"",[0,2,1,3]],[""S"",[0,2]]]",-0.4715498509319196,-0.4721359549995794,0.0005861040676597,60,2,8,3,5,8,-0.47213594214807486,1.2851504527233715e-08,160,5
2026-09-v3-pauli-factor-graph,Hubbard,0.0,11,15,"[[""D"",[0,3,1,2]],[""S"",[1,2]],[""D"",[0,1,2,3]],[""S"",[2,3]],[""D"",[0,1,2,3]],[""S"",[0,1]],[""S"",[1,2]],[""S"",[0,1]]]",-1.999367713236513,-2.0,0.0006322867634869,60,2,8,5,3,8,-1.999999975477565,2.452243497153006e-08,160,5
2026-09-v3-pauli-factor-graph,Hubbard,8.0,51,18,"[[""D"",[0,3,1,2]],[""S"",[1,2]],[""S"",[0,1]],[""S"",[0,3]],[""S"",[0,3]],[""D"",[0,1,2,3]],[""D"",[0,1,2,3]],[""S"",[2,3]]]",-0.4714790369413504,-0.4721359549995794,0.0006569180582289,60,2,8,5,3,8,-0.47213595174842604,3.2511533465395814e-09,160,5
2026-09-v3-pauli-factor-graph,Hubbard,4.0,51,5,"[[""S"",[3,2]],[""D"",[0,2,1,3]],[""S"",[1,2]],[""S"",[0,2]],[""S"",[0,1]]]",-0.8277673393400132,-0.8284271247461902,0.0006597854061769,60,2,5,4,1,5,-0.8284270356547135,8.909147664049044e-08,160,5
2026-09-v3-pauli-factor-graph,Hubbard,0.0,37,14,"[[""S"",[0,1]],[""S"",[1,2]],[""S"",[0,1]],[""S"",[0,1]],[""D"",[0,1,2,3]],[""S"",[2,3]],[""S"",[1,2]],[""D"",[0,2,1,3]]]",-1.999333702608216,-2.0,0.0006662973917839,60,2,8,6,2,8,-1.9999907259847962,9.274015203786234e-06,160,5
2026-09-v3-pauli-factor-graph,Hubbard,4.0,11,6,"[[""D"",[0,3,1,2]],[""S"",[0,2]],[""S"",[0,3]],[""S"",[1,3]],[""D"",[0,1,2,3]],[""S"",[1,2]],[""D"",[0,2,1,3]],[""S"",[0,3]]]",-0.8277476492886178,-0.8284271247461902,0.0006794754575724,60,2,8,5,3,8,-0.8284271043339517,2.0412238455058684e-08,160,5
2026-09-v3-pauli-factor-graph,Hubbard,0.0,37,17,"[[""S"",[3,2]],[""S"",[0,1]],[""S"",[0,2]],[""S"",[0,3]],[""S"",[0,3]],[""S"",[0,1]],[""S"",[0,3]]]",-1.9993184826239312,-2.0,0.0006815173760688,60,2,7,7,0,7,-1.9999981426873044,1.8573126956411556e-06,160,5
2026-09-v3-pauli-factor-graph,Hubbard,8.0,51,9,"[[""D"",[0,3,1,2]],[""S"",[0,3]],[""S"",[2,3]],[""S"",[1,3]],[""S"",[0,3]]]",-0.4714346226589383,-0.4721359549995794,0.000701332340641,60,2,5,4,1,5,-0.4721359382513062,1.6748273212741083e-08,160,5
2026-09-v3-pauli-factor-graph,Hubbard,8.0,51,15,"[[""D"",[0,3,1,2]],[""D"",[0,1,2,3]],[""S"",[0,1]],[""D"",[0,1,2,3]],[""S"",[0,1]],[""S"",[0,2]],[""S"",[1,2]]]",-0.4714320508407994,-0.4721359549995794,0.0007039041587799,60,2,7,4,3,7,-0.4721358285467938,1.2645278557599227e-07,160,5
2026-09-v3-pauli-factor-graph,Hubbard,4.0,11,21,"[[""D"",[0,3,1,2]],[""S"",[0,2]],[""S"",[2,3]],[""S"",[0,1]],[""S"",[2,3]],[""S"",[0,1]],[""S"",[0,3]]]",-0.8277016124086317,-0.8284271247461902,0.0007255123375584,60,2,7,6,1,7,-0.8284271163502113,8.395978912112412e-09,160,5
2026-09-v3-pauli-factor-graph,Hubbard,0.0,79,8,"[[""S"",[0,1]],[""D"",[0,2,1,3]],[""S"",[0,1]],[""D"",[0,2,1,3]],[""S"",[1,3]],[""D"",[0,1,2,3]],[""S"",[2,3]],[""D"",[0,2,1,3]]]",-1.9992548691364695,-2.0,0.0007451308635302,60,2,8,4,4,8,-1.9999999646797488,3.532025116825821e-08,160,5
2026-09-v3-pauli-factor-graph,Hubbard,4.0,23,18,"[[""D"",[0,3,1,2]],[""S"",[2,3]],[""S"",[0,2]],[""D"",[0,2,1,3]]]",-0.8276302554686055,-0.8284271247461902,0.0007968692775847,60,2,4,2,2,4,-0.8284271195545118,5.191678420501944e-09,160,5
2026-09-v3-pauli-factor-graph,Hubbard,4.0,11,9,"[[""D"",[0,3,1,2]],[""S"",[0,1]],[""D"",[0,2,1,3]],[""D"",[0,2,1,3]]]",-0.8276231525439095,-0.8284271247461902,0.0008039722022806,60,2,4,1,3,4,-0.8284271187680958,5.97809435287644e-09,160,5
2026-09-v3-pauli-factor-graph,Hubbard,4.0,51,21,"[[""D"",[0,3,1,2]],[""S"",[2,3]],[""S"",[1,3]],[""D"",[0,2,1,3]],[""S"",[1,2]]]",-0.8275914728149918,-0.8284271247461902,0.0008356519311983,60,2,5,3,2,5,-0.8284271195585807,5.187609453116693e-09,160,5
2026-09-v3-pauli-factor-graph,Hubbard,4.0,23,21,"[[""D"",[0,3,1,2]],[""D"",[0,2,1,3]],[""S"",[1,3]],[""S"",[0,3]],[""S"",[0,1]],[""S"",[1,2]]]",-0.8274499558351,-0.8284271247461902,0.0009771689110902,60,2,6,4,2,6,-0.8284270900953294,3.465086073628498e-08,160,5
2026-09-v3-pauli-factor-graph,Hubbard,8.0,23,3,"[[""D"",[0,3,1,2]],[""S"",[2,3]],[""S"",[0,3]],[""S"",[1,2]],[""S"",[0,1]],[""S"",[0,2]],[""S"",[1,2]]]",-0.4711496451005645,-0.4721359549995794,0.0009863098990148,60,2,7,6,1,7,-0.472132859410757,3.095588822388251e-06,160,5
2026-09-v3-pauli-factor-graph,Hubbard,4.0,79,3,"[[""D"",[0,3,1,2]],[""D"",[0,2,1,3]],[""D"",[0,2,1,3]],[""D"",[0,2,1,3]],[""S"",[0,1]],[""S"",[0,1]],[""D"",[0,2,1,3]],[""S"",[0,2]]]",-0.8274312976032281,-0.8284271247461902,0.000995827142962,60,2,8,3,5,8,-0.828427118111339,6.6348512239855495e-09,160,5
2026-09-v3-pauli-factor-graph,Hubbard,4.0,51,11,"[[""S"",[3,2]],[""S"",[0,1]],[""D"",[0,2,1,3]],[""D"",[0,1,2,3]],[""S"",[1,2]],[""S"",[0,3]],[""S"",[0,2]],[""S"",[0,2]]]",-0.8274301117530035,-0.8284271247461902,0.0009970129931866,60,2,8,6,2,8,-0.8284271105152594,1.4230930767133998e-08,160,5
2026-09-v3-pauli-factor-graph,Hubbard,0.0,11,22,"[[""S"",[0,1]],[""S"",[2,3]],[""S"",[2,3]],[""S"",[1,2]]]",-1.9989386756417316,-2.0,0.0010613243582686,60,2,4,4,0,4,-1.9999999565386155,4.346138449129455e-08,160,5
2026-09-v3-pauli-factor-graph,Hubbard,4.0,51,9,"[[""D"",[0,3,1,2]],[""S"",[0,3]],[""S"",[2,3]],[""S"",[1,3]],[""S"",[0,3]]]",-0.8272460314900071,-0.8284271247461902,0.001181093256183,60,2,5,4,1,5,-0.828427115966205,8.779985183338113e-09,160,5
2026-09-v3-pauli-factor-graph,Hubbard,8.0,23,6,"[[""D"",[0,3,1,2]],[""S"",[0,1]],[""S"",[2,3]]]",-0.4709316677856274,-0.4721359549995794,0.0012042872139519,60,2,3,2,1,3,-0.47213594027779027,1.4721789121097117e-08,160,5
2026-09-v3-pauli-factor-graph,Hubbard,8.0,79,15,"[[""D"",[0,3,1,2]],[""S"",[0,1]],[""S"",[1,3]],[""D"",[0,2,1,3]],[""S"",[0,2]],[""D"",[0,1,2,3]]]",-0.470876489758764,-0.4721359549995794,0.0012594652408153,60,2,6,3,3,6,-0.4721359542832706,7.163087900607934e-10,160,5
2026-09-v3-pauli-factor-graph,Hubbard,4.0,79,5,"[[""S"",[3,2]],[""S"",[0,1]],[""D"",[0,2,1,3]],[""D"",[0,2,1,3]],[""S"",[0,1]]]",-0.826909727213796,-0.8284271247461902,0.0015173975323942,60,2,5,3,2,5,-0.8284270408405919,8.390559824711374e-08,160,5
2026-09-v3-pauli-factor-graph,Hubbard,8.0,23,12,"[[""D"",[0,3,1,2]],[""S"",[0,2]],[""S"",[0,2]],[""S"",[1,3]],[""S"",[0,2]],[""S"",[1,3]],[""S"",[1,2]],[""D"",[0,1,2,3]]]",-0.4703627813208373,-0.4721359549995794,0.001773173678742,60,2,8,6,2,8,-0.4721037104212873,3.224457829209548e-05,160,5
2026-09-v3-pauli-factor-graph,Hubbard,4.0,79,15,"[[""D"",[0,3,1,2]],[""S"",[0,1]],[""S"",[1,3]],[""D"",[0,2,1,3]],[""S"",[0,2]],[""D"",[0,1,2,3]]]",-0.8263904773599925,-0.8284271247461902,0.0020366473861976,60,2,6,3,3,6,-0.828427112228517,1.2517673231293713e-08,160,5
2026-09-v3-pauli-factor-graph,Hubbard,8.0,51,21,"[[""D"",[0,3,1,2]],[""S"",[2,3]],[""S"",[1,3]],[""D"",[0,2,1,3]],[""S"",[1,2]]]",-0.4698184529110762,-0.4721359549995794,0.0023175020885031,60,2,5,3,2,5,-0.4721359472828679,7.71671149202291e-09,160,5
2026-09-v3-pauli-factor-graph,Hubbard,4.0,79,16,"[[""S"",[0,1]],[""S"",[1,2]],[""D"",[0,1,2,3]],[""S"",[2,3]],[""S"",[1,3]],[""S"",[1,2]],[""S"",[1,3]]]",-0.8260288629753089,-0.8284271247461902,0.0023982617708813,60,2,7,6,1,7,-0.828427035605438,8.914075222410389e-08,160,5
2026-09-v3-pauli-factor-graph,Hubbard,8.0,37,15,"[[""D"",[0,3,1,2]],[""S"",[0,2]],[""D"",[0,2,1,3]],[""S"",[0,1]],[""S"",[0,3]],[""S"",[0,3]],[""D"",[0,2,1,3]]]",-0.4693233055511661,-0.4721359549995794,0.0028126494484133,60,2,7,4,3,7,-0.4721359052984828,4.970109657165267e-08,160,5
2026-09-v3-pauli-factor-graph,Hubbard,4.0,37,5,"[[""S"",[3,2]],[""S"",[0,2]],[""S"",[1,2]],[""S"",[0,2]],[""S"",[2,3]],[""S"",[2,3]],[""D"",[0,1,2,3]]]",-0.8231955433081675,-0.8284271247461902,0.0052315814380227,60,2,7,6,1,7,-0.828426886813566,2.3793262415860994e-07,160,5
2026-09-v3-pauli-factor-graph,Hubbard,4.0,37,15,"[[""D"",[0,3,1,2]],[""S"",[0,2]],[""D"",[0,2,1,3]],[""S"",[0,1]],[""S"",[0,3]],[""S"",[0,3]],[""D"",[0,2,1,3]]]",-0.8230968916257436,-0.8284271247461902,0.0053302331204465,60,2,7,4,3,7,-0.8284270829684878,4.177770240865186e-08,160,5
2026-09-v3-pauli-factor-graph,Hubbard,4.0,37,16,"[[""S"",[0,1]],[""D"",[0,2,1,3]],[""S"",[1,2]],[""S"",[1,3]],[""S"",[2,3]],[""D"",[0,1,2,3]],[""D"",[0,1,2,3]]]",-0.7624101791260168,-0.8284271247461902,0.0660169456201733,60,2,7,4,3,7,-0.8284268506964768,2.74049713366864e-07,160,5
2026-09-v3-pauli-factor-graph,Hubbard,8.0,37,5,"[[""S"",[3,2]],[""S"",[0,2]],[""S"",[1,2]],[""S"",[0,2]],[""S"",[2,3]],[""S"",[2,3]],[""D"",[0,1,2,3]]]",-0.3415606403827183,-0.4721359549995794,0.1305753146168611,60,2,7,6,1,7,-0.4721316572176719,4.2977819074696555e-06,160,5
2026-09-v3-pauli-factor-graph,Hubbard,8.0,79,11,"[[""S"",[3,2]],[""D"",[0,2,1,3]],[""S"",[1,3]],[""D"",[0,2,1,3]],[""D"",[0,1,2,3]],[""S"",[0,1]]]",-0.2803144582361958,-0.4721359549995794,0.1918214967633835,60,2,6,3,3,6,-0.4717364287072916,0.00039952629228778846,160,5
2026-09-v3-pauli-factor-graph,Hubbard,8.0,37,16,"[[""S"",[0,1]],[""D"",[0,2,1,3]],[""S"",[1,2]],[""S"",[1,3]],[""S"",[2,3]],[""D"",[0,1,2,3]],[""D"",[0,1,2,3]]]",-0.2578215306969535,-0.4721359549995794,0.2143144243026258,60,2,7,4,3,7,-0.4720535375820203,8.24174175590997e-05,160,5
2026-09-v3-pauli-factor-graph,Hubbard,8.0,37,10,"[[""S"",[0,1]],[""S"",[0,2]],[""S"",[0,1]],[""S"",[2,3]]]",-0.2499126247527519,-0.4721359549995794,0.2222233302468275,60,2,4,4,0,4,-0.24999999801285422,0.22213595698672517,160,5
2026-09-v3-pauli-factor-graph,Hubbard,4.0,37,4,"[[""S"",[0,1]],[""D"",[0,1,2,3]],[""S"",[2,3]]]",-0.4999983227736645,-0.8284271247461902,0.3284288019725256,60,2,3,2,1,3,-0.49999999946627005,0.32842712527992013,160,5
